locus_tag	ftype	length_bp	gene	EC_number	COG	product
HEPKDHED_00001	CDS	1332	mnmE	3.6.-.-	COG0486	tRNA modification GTPase MnmE
HEPKDHED_00002	CDS	1500	mnmG		COG0445	tRNA uridine 5-carboxymethylaminomethyl modification enzyme MnmG
HEPKDHED_00003	CDS	684	atpB			ATP synthase subunit a
HEPKDHED_00004	CDS	234	atpE		COG0636	ATP synthase subunit c
HEPKDHED_00005	CDS	456				hypothetical protein
HEPKDHED_00006	CDS	162				hypothetical protein
HEPKDHED_00007	CDS	1443	atpA	7.1.2.2	COG0056	ATP synthase subunit alpha
HEPKDHED_00008	CDS	747	atpG		COG0224	ATP synthase gamma chain
HEPKDHED_00009	CDS	1344	atpD	7.1.2.2	COG0055	ATP synthase subunit beta
HEPKDHED_00010	CDS	243				hypothetical protein
HEPKDHED_00011	CDS	894	argI	2.1.3.3		Ornithine carbamoyltransferase, catabolic
HEPKDHED_00012	CDS	111				hypothetical protein
HEPKDHED_00013	CDS	423	aroQ	4.2.1.10	COG0757	3-dehydroquinate dehydratase
HEPKDHED_00014	CDS	1905	tktA	2.2.1.1	COG0021	Transketolase 1
HEPKDHED_00015	CDS	1629				hypothetical protein
HEPKDHED_00016	CDS	720	metF	1.5.1.20	COG0685	5,10-methylenetetrahydrofolate reductase
HEPKDHED_00017	CDS	168				hypothetical protein
HEPKDHED_00018	tRNA	76				tRNA-Ile(gat)
HEPKDHED_00019	CDS	948	dapD	2.3.1.117		2,3,4,5-tetrahydropyridine-2,6-dicarboxylate N-succinyltransferase
HEPKDHED_00020	CDS	696	map	3.4.11.18	COG0024	Methionine aminopeptidase
HEPKDHED_00021	CDS	633	rpsB		COG0052	30S ribosomal protein S2
HEPKDHED_00022	CDS	615				hypothetical protein
HEPKDHED_00023	CDS	543				hypothetical protein
HEPKDHED_00024	CDS	3336	dnaE	2.7.7.7	COG0587	DNA polymerase III subunit alpha
HEPKDHED_00025	CDS	483				hypothetical protein
HEPKDHED_00026	CDS	2058	metE	2.1.1.14	COG0620	5-methyltetrahydropteroyltriglutamate--homocysteine methyltransferase
HEPKDHED_00027	CDS	315	hisE	3.6.1.31		Phosphoribosyl-ATP pyrophosphatase
HEPKDHED_00028	CDS	417				hypothetical protein
HEPKDHED_00029	CDS	1014	aroB	4.2.3.4	COG0337	3-dehydroquinate synthase
HEPKDHED_00030	CDS	1644	ilvD	4.2.1.9	COG0129	Dihydroxy-acid dehydratase
HEPKDHED_00031	CDS	321				hypothetical protein
HEPKDHED_00032	CDS	1200	glyA	2.1.2.1	COG0112	Serine hydroxymethyltransferase
HEPKDHED_00033	CDS	525				hypothetical protein
HEPKDHED_00034	CDS	1200	purA	6.3.4.4		Adenylosuccinate synthetase
HEPKDHED_00035	CDS	1350	sufB		COG0719	FeS cluster assembly protein SufB
HEPKDHED_00036	CDS	663				putative ABC transporter ATP-binding protein
HEPKDHED_00037	CDS	828				hypothetical protein
HEPKDHED_00038	CDS	1143	sufS	4.4.1.16		Cysteine desulfurase
HEPKDHED_00039	CDS	864				hypothetical protein
HEPKDHED_00040	CDS	216	infA		COG0361	Translation initiation factor IF-1
HEPKDHED_00041	tRNA	74				tRNA-Glu(ttc)
HEPKDHED_00042	tRNA	74				tRNA-Gly(gcc)
HEPKDHED_00043	tRNA	89				tRNA-Ser(gga)
HEPKDHED_00044	CDS	1260	gnd	1.1.1.44	COG0362	6-phosphogluconate dehydrogenase, decarboxylating
HEPKDHED_00045	CDS	1236	menF	5.4.4.2		Isochorismate synthase MenF
HEPKDHED_00046	CDS	519	pabA	2.6.1.85	COG0512	Aminodeoxychorismate/anthranilate synthase component 2
HEPKDHED_00047	tRNA	75				tRNA-Asn(gtt)
HEPKDHED_00048	tRNA	74				tRNA-Met(cat)
HEPKDHED_00049	CDS	438				hypothetical protein
HEPKDHED_00050	CDS	924	prs	2.7.6.1	COG0462	Ribose-phosphate pyrophosphokinase
HEPKDHED_00051	CDS	693	prfA		COG0216	Peptide chain release factor 1
HEPKDHED_00052	CDS	1059	GATB	6.3.5.-		Glutamyl-tRNA(Gln) amidotransferase subunit B, chloroplastic/mitochondrial
HEPKDHED_00053	CDS	1350	gatA	6.3.5.7	COG0154	Glutamyl-tRNA(Gln) amidotransferase subunit A
HEPKDHED_00054	CDS	588	hisG	2.4.2.17		ATP phosphoribosyltransferase
HEPKDHED_00055	CDS	1233	hisD	1.1.1.23	COG0141	Histidinol dehydrogenase
HEPKDHED_00056	CDS	288				hypothetical protein
HEPKDHED_00057	CDS	381	rpsI		COG0103	30S ribosomal protein S9
HEPKDHED_00058	CDS	561				hypothetical protein
HEPKDHED_00059	CDS	744				hypothetical protein
HEPKDHED_00060	CDS	1215	aroA	2.5.1.19	COG0128	3-phosphoshikimate 1-carboxyvinyltransferase
HEPKDHED_00061	CDS	1137				hypothetical protein
HEPKDHED_00062	CDS	1590	groL		COG0459	60 kDa chaperonin
HEPKDHED_00063	CDS	285	groS		COG0234	10 kDa chaperonin
HEPKDHED_00064	tRNA	75				tRNA-Val(tac)
HEPKDHED_00065	tRNA	76				tRNA-Asp(gtc)
HEPKDHED_00066	CDS	564				hypothetical protein
HEPKDHED_00067	CDS	465				hypothetical protein
HEPKDHED_00068	CDS	1152				hypothetical protein
HEPKDHED_00069	CDS	552				hypothetical protein
HEPKDHED_00070	CDS	129				hypothetical protein
HEPKDHED_00071	CDS	759	dnaG	2.7.7.-	COG0358	DNA primase
HEPKDHED_00072	CDS	1071	rpoD			RNA polymerase sigma factor RpoD
HEPKDHED_00073	tRNA	72				tRNA-Ala(tgc)
HEPKDHED_00074	CDS	729	hisF	4.3.2.10	COG0107	Imidazole glycerol phosphate synthase subunit HisF
HEPKDHED_00075	CDS	675	hisA	5.3.1.16	COG0106	1-(5-phosphoribosyl)-5-[(5-phosphoribosylamino)methylideneamino] imidazole-4-carboxamide isomerase
HEPKDHED_00076	CDS	600	hisH	4.3.2.10	COG0118	Imidazole glycerol phosphate synthase subunit HisH
HEPKDHED_00077	CDS	543	hisB		COG0131	Histidine biosynthesis bifunctional protein HisB
HEPKDHED_00078	tRNA	75				tRNA-Phe(gaa)
HEPKDHED_00079	tRNA	72				tRNA-Gln(ttg)
HEPKDHED_00080	tRNA	74				tRNA-Thr(tgt)
HEPKDHED_00081	CDS	330	smpB			SsrA-binding protein
HEPKDHED_00082	CDS	450	grpE			Protein GrpE
HEPKDHED_00083	CDS	1806	dnaK		COG0443	Chaperone protein DnaK
HEPKDHED_00084	CDS	699	dapB	1.17.1.8	COG0289	4-hydroxy-tetrahydrodipicolinate reductase
HEPKDHED_00085	CDS	453	carA_1	6.3.5.5	COG0505	Carbamoyl-phosphate synthase small chain
HEPKDHED_00086	CDS	552	carA_2	6.3.5.5	COG0505	Carbamoyl-phosphate synthase small chain
HEPKDHED_00087	tRNA	81				tRNA-Leu(gag)
HEPKDHED_00088	CDS	1560	infB		COG0532	Translation initiation factor IF-2
HEPKDHED_00089	CDS	174				hypothetical protein
HEPKDHED_00090	CDS	930				hypothetical protein
HEPKDHED_00091	CDS	1173				hypothetical protein
HEPKDHED_00092	tRNA	74				tRNA-Pro(tgg)
HEPKDHED_00093	tRNA	74				tRNA-Arg(tct)
HEPKDHED_00094	tRNA	74				tRNA-His(gtg)
HEPKDHED_00095	CDS	579	clpP	3.4.21.92	COG0740	ATP-dependent Clp protease proteolytic subunit
HEPKDHED_00096	CDS	1071	clpX		COG1219	ATP-dependent Clp protease ATP-binding subunit ClpX
HEPKDHED_00097	CDS	867		2.7.8.-		Cardiolipin synthase
HEPKDHED_00098	CDS	1245	aspS	6.1.1.12		Aspartate--tRNA(Asp/Asn) ligase
HEPKDHED_00099	tRNA	85				tRNA-Ser(tga)
HEPKDHED_00100	CDS	3057	putA			Bifunctional protein PutA
HEPKDHED_00101	CDS	1353	leuA	2.3.3.13	COG0119	2-isopropylmalate synthase
HEPKDHED_00102	CDS	1038	aroC	4.2.3.5		Chorismate synthase
HEPKDHED_00103	CDS	1368	leuC	4.2.1.33	COG0065	3-isopropylmalate dehydratase large subunit
HEPKDHED_00104	CDS	552	leuD1	4.2.1.33	COG0066	3-isopropylmalate dehydratase small subunit 1
HEPKDHED_00105	CDS	1044	leuB	1.1.1.85	COG0473	3-isopropylmalate dehydrogenase
HEPKDHED_00106	CDS	1026	asd1	1.2.1.11	COG0136	Aspartate-semialdehyde dehydrogenase 1
HEPKDHED_00107	tRNA	79				tRNA-Leu(tag)
HEPKDHED_00108	CDS	390				hypothetical protein
HEPKDHED_00109	CDS	330	hisI	3.5.4.19	COG0139	Phosphoribosyl-AMP cyclohydrolase
HEPKDHED_00110	CDS	543				hypothetical protein
HEPKDHED_00111	CDS	534	dnaQ	2.7.7.7	COG0847	DNA polymerase III subunit epsilon
HEPKDHED_00112	CDS	1185				hypothetical protein
HEPKDHED_00113	CDS	315				hypothetical protein
HEPKDHED_00114	CDS	174				hypothetical protein
HEPKDHED_00115	CDS	525	infC			Translation initiation factor IF-3
HEPKDHED_00116	CDS	609				hypothetical protein
HEPKDHED_00117	CDS	432				hypothetical protein
HEPKDHED_00118	CDS	1659	lepA	3.6.5.-	COG0481	Elongation factor 4
HEPKDHED_00119	CDS	933	aroF	2.5.1.54	COG0722	Phospho-2-dehydro-3-deoxyheptonate aldolase, Tyr-sensitive
HEPKDHED_00120	CDS	1269	miaB	2.8.4.3	COG0621	tRNA-2-methylthio-N(6)-dimethylallyladenosine synthase
HEPKDHED_00121	CDS	273				hypothetical protein
HEPKDHED_00122	CDS	1899				hypothetical protein
HEPKDHED_00123	CDS	822	sucD	6.2.1.5	COG0074	Succinate--CoA ligase [ADP-forming] subunit alpha
HEPKDHED_00124	CDS	1044	sucC	6.2.1.5		Succinate--CoA ligase [ADP-forming] subunit beta
HEPKDHED_00125	CDS	975	gluQ	6.1.1.-		Glutamyl-Q tRNA(Asp) synthetase
HEPKDHED_00126	tRNA	73				tRNA-Met(cat)
HEPKDHED_00127	CDS	1272				hypothetical protein
HEPKDHED_00128	CDS	183				hypothetical protein
HEPKDHED_00129	CDS	1176	argG	6.3.4.5	COG0137	Argininosuccinate synthase
HEPKDHED_00130	tRNA	71				tRNA-Cys(gca)
HEPKDHED_00131	tRNA	84				tRNA-Leu(taa)
HEPKDHED_00132	tRNA	74				tRNA-Lys(ttt)
HEPKDHED_00133	tRNA	75				tRNA-Arg(acg)
HEPKDHED_00134	tRNA	83				tRNA-Ser(gct)
HEPKDHED_00135	CDS	987				hypothetical protein
HEPKDHED_00136	CDS	891	recA		COG0468	Protein RecA
HEPKDHED_00137	CDS	1788				hypothetical protein
HEPKDHED_00138	CDS	528	ahpC	1.11.1.15	COG0450	Alkyl hydroperoxide reductase C
HEPKDHED_00139	CDS	900	talB	2.2.1.2	COG0176	Transaldolase B
HEPKDHED_00140	rRNA	2757				23S ribosomal RNA
HEPKDHED_00141	rRNA	1530				16S ribosomal RNA
HEPKDHED_00142	CDS	882				hypothetical protein
HEPKDHED_00143	CDS	147				hypothetical protein
HEPKDHED_00144	CDS	189				hypothetical protein
HEPKDHED_00145	CDS	354				hypothetical protein
HEPKDHED_00146	CDS	1140	lysS	6.1.1.6	COG1190	Lysine--tRNA ligase
HEPKDHED_00147	CDS	795	prfB			Peptide chain release factor 2
HEPKDHED_00148	CDS	1320	thrC	4.2.3.1	COG0498	Threonine synthase
HEPKDHED_00149	CDS	1128				hypothetical protein
HEPKDHED_00150	CDS	192				hypothetical protein
HEPKDHED_00151	CDS	192				hypothetical protein
HEPKDHED_00152	CDS	222				hypothetical protein
HEPKDHED_00153	tRNA	75				tRNA-Met(cat)
HEPKDHED_00154	CDS	996	ilvC	1.1.1.382		Ketol-acid reductoisomerase (NAD(+))
HEPKDHED_00155	CDS	393				hypothetical protein
HEPKDHED_00156	CDS	1671	ilvI	2.2.1.6	COG0028	Acetolactate synthase isozyme 3 large subunit
HEPKDHED_00157	CDS	609		5.4.99.-	COG0564	putative RNA pseudouridine synthase
HEPKDHED_00158	CDS	192				hypothetical protein
HEPKDHED_00159	CDS	2427	ileS	6.1.1.5	COG0060	Isoleucine--tRNA ligase
HEPKDHED_00160	CDS	150				hypothetical protein
HEPKDHED_00161	CDS	774	obg	3.6.5.-		GTPase Obg
HEPKDHED_00162	CDS	255	rpmA		COG0211	50S ribosomal protein L27
HEPKDHED_00163	CDS	309				hypothetical protein
HEPKDHED_00164	CDS	243				hypothetical protein
HEPKDHED_00165	CDS	960	rpoA	2.7.7.6		DNA-directed RNA polymerase subunit alpha
HEPKDHED_00166	CDS	582	rpsD		COG0522	30S ribosomal protein S4
HEPKDHED_00167	CDS	360	rpsK			30S ribosomal protein S11
HEPKDHED_00168	CDS	357	rpsM		COG0099	30S ribosomal protein S13
HEPKDHED_00169	CDS	114				hypothetical protein
HEPKDHED_00170	CDS	249				hypothetical protein
HEPKDHED_00171	CDS	417	rpsE		COG0098	30S ribosomal protein S5
HEPKDHED_00172	CDS	219				hypothetical protein
HEPKDHED_00173	CDS	501	rplF		COG0097	50S ribosomal protein L6
HEPKDHED_00174	CDS	369				hypothetical protein
HEPKDHED_00175	CDS	282	rpsN2		COG0199	Alternate 30S ribosomal protein S14
HEPKDHED_00176	CDS	498	rplE		COG0094	50S ribosomal protein L5
HEPKDHED_00177	CDS	369	rplN		COG0093	50S ribosomal protein L14
HEPKDHED_00178	CDS	243	rpsQ		COG0186	30S ribosomal protein S17
HEPKDHED_00179	CDS	408	rplP		COG0197	50S ribosomal protein L16
HEPKDHED_00180	CDS	621	rpsC		COG0092	30S ribosomal protein S3
HEPKDHED_00181	CDS	309				hypothetical protein
HEPKDHED_00182	CDS	261	rpsS		COG0185	30S ribosomal protein S19
HEPKDHED_00183	CDS	693	rplB		COG0090	50S ribosomal protein L2
HEPKDHED_00184	CDS	513				hypothetical protein
HEPKDHED_00185	CDS	411				hypothetical protein
HEPKDHED_00186	CDS	297				hypothetical protein
HEPKDHED_00187	CDS	1191	tufA		COG0050	Elongation factor Tu
HEPKDHED_00188	CDS	2043	fusA		COG0480	Elongation factor G
HEPKDHED_00189	CDS	471	rpsG		COG0049	30S ribosomal protein S7
HEPKDHED_00190	CDS	384	rpsL		COG0048	30S ribosomal protein S12
HEPKDHED_00191	CDS	3864	rpoC	2.7.7.6	COG0086	DNA-directed RNA polymerase subunit beta'
HEPKDHED_00192	CDS	3786	rpoB	2.7.7.6	COG0085	DNA-directed RNA polymerase subunit beta
HEPKDHED_00193	CDS	345	rplL		COG0222	50S ribosomal protein L7/L12
HEPKDHED_00194	CDS	435				hypothetical protein
HEPKDHED_00195	CDS	567				hypothetical protein
HEPKDHED_00196	CDS	414	rplK		COG0080	50S ribosomal protein L11
HEPKDHED_00197	tRNA	73				tRNA-Trp(cca)
HEPKDHED_00198	tRNA	71				tRNA-Gly(tcc)
HEPKDHED_00199	tRNA	81				tRNA-Tyr(gta)
HEPKDHED_00200	CDS	267				hypothetical protein
HEPKDHED_00201	CDS	513	cyoC		COG1845	Cytochrome bo(3) ubiquinol oxidase subunit 3
HEPKDHED_00202	CDS	1806	cyoB	7.1.1.3	COG0843	Cytochrome bo(3) ubiquinol oxidase subunit 1
HEPKDHED_00203	CDS	765	cyoA		COG1622	Cytochrome bo(3) ubiquinol oxidase subunit 2
HEPKDHED_00204	CDS	471				hypothetical protein
HEPKDHED_00205	CDS	897	ilvE	2.6.1.42		putative branched-chain-amino-acid aminotransferase
HEPKDHED_00206	CDS	453	def	3.5.1.88	COG0242	Peptide deformylase
HEPKDHED_00207	CDS	1350	argH	4.3.2.1	COG0165	Argininosuccinate lyase
HEPKDHED_00208	CDS	1194	lysA	4.1.1.20	COG0019	Diaminopimelate decarboxylase
HEPKDHED_00209	CDS	738	dapF	5.1.1.7	COG0253	Diaminopimelate epimerase
HEPKDHED_00210	CDS	738	glyQ	6.1.1.14	COG0752	Glycine--tRNA ligase alpha subunit
HEPKDHED_00211	CDS	552				hypothetical protein
HEPKDHED_00212	CDS	204	cspV		COG1278	Cold shock protein CspV
HEPKDHED_00213	CDS	789				hypothetical protein
